Fitness,Precision,Generalization,Simplicity
,,,
0.687280281,0.536451169,0.724137931,0.675385423
0.780922432,0.720399429,0.806451613,0.901087482
0.998851894,Error,0.684210526,0.888147993
1,0.417711897,0.662337662,0.780508317
1,0.260818589,0.573770492,0.859163683
0.808275058,0.723387723,0.757575758,0.892352049
