Fitness,Precision,Generalization,Simplicity
,,,
0.818551714,0.199288256,0.655172414,0.651546565
0.818551714,0.199288256,0.655172414,0.651546565
0.397119871,Error,0.753846154,0.789429629
0.854122622,0.303979944,0.652173913,0.600940967
0.714883531,0.323649337,0.669291339,0.739766511
0.802829241,0.200926256,0.62962963,0.807543115
