Fitness,Precision,Generalization,Simplicity
,,,
1,0.263299663,0.6,0.717855467
1,0.263299663,0.6,0.717855467
1,Error,0.605263158,0.734794052
1,0.245504841,0.511111111,0.671138293
1,0.190213585,0.485714286,0.766353126
1,0.105942623,0.485714286,0.800664674
