Fitness,Precision,Generalization,Simplicity
,,,
0.926436782,0.384030418,0.68115942,0.72054438
0.926436782,0.384030418,0.68115942,0.72054438
1,Error,0.65625,0.848624918
0.634434516,0.4,0.658536585,0.589907044
0.631401617,0.413265306,0.663716814,0.696562898
0.840650324,0.376878613,0.698113208,0.756179964
