Fitness,Precision,Generalization,Simplicity
,,,
0.92147806,0.353159851,0.684210526,0.65116317
0.685534591,0.606173677,0.704918033,0.80934279
0.943920996,Error,0.62962963,0.846795872
1,0.361513158,0.64,0.748957654
0.878318584,0.479325479,0.64028777,0.756627727
1,0.502187227,0.76744186,0.818153282
