Fitness,Precision,Generalization,Simplicity
,,,
0.824633319,0.446666667,0.666666667,0.623330938
0.824633319,0.446666667,0.666666667,0.623330938
1,Error,0.65625,0.848624918
0.992584746,0.35345364,0.6,0.640287925
0.801460823,0.401388086,0.654135338,0.755300917
0.836070959,0.394306481,0.664,0.687293838
