Fitness,Precision,Generalization,Simplicity
,,,
0.983838384,0.266853933,0.577464789,0.716849528
0.983838384,0.266853933,0.577464789,0.716849528
1,Error,0.635036496,0.793323975
0.992584746,0.354225133,0.6,0.640287925
0.806718062,0.375623018,0.604790419,0.733651813
0.962209302,0.153967007,0.558441558,0.782810996
