Fitness,Precision,Generalization,Simplicity
0.9838709677419355,0.2584269662921348,0.5555555555555556,0.7305622185329108
0.9838709677419355,0.2584269662921348,0.5555555555555556,0.7305622185329108
0.5698319210573235,Error,0.7538461538461539,0.8193001702255029
1.0,0.27548076923076925,0.6216216216216216,0.6683740159797747
1.0,0.2029484463276836,0.5744680851063829,0.7984386682952451
0.8876965089174391,0.0919220055710307,0.6393442622950819,0.8029025261465885
