Fitness,Precision,Generalization,Simplicity
1.0,0.2495049504950495,0.5925925925925926,0.6073419609080444
1.0,0.2495049504950495,0.5925925925925926,0.6073419609080444
1.0,Error,0.605263157894737,0.7382708973831814
1.0,0.2416399450297756,0.5833333333333333,0.6277390791350718
1.0,0.1856720055710307,0.5145631067961166,0.7043710948653616
1.0,0.09998370273794,0.48571428571428577,0.8005458132275673
