Fitness,Precision,Generalization,Simplicity
0.8547492064367055,0.5089903181189488,0.7058823529411765,0.744312841380154
0.8547492064367055,0.5089903181189488,0.7058823529411765,0.7435987602943792
1.0,Error,0.65625,0.8669589685694231
0.4229326932346193,0.33333333333333337,0.6764705882352942,0.48928970174688113
0.6559080962800875,0.5751295336787565,0.6285714285714286,0.7072043520816944
0.8315942028985508,0.2837116154873164,0.6397515527950309,0.7532877816866098
