Fitness,Precision,Generalization,Simplicity
0.8246333194963331,0.44666666666666666,0.6666666666666666,0.6233309379269871
0.8246333194963331,0.44666666666666666,0.6666666666666666,0.6233309379269871
1.0,Error,0.65625,0.8486249179644125
0.9925847457627119,0.3534536403235843,0.6000000000000001,0.6402879253379735
0.8014608233731739,0.40138808559861194,0.6541353383458647,0.7553009171137747
0.8360709592641261,0.3943064809206541,0.6639999999999999,0.6872938375727846
