Fitness,Precision,Generalization,Simplicity
0.7504677970431395,0.9482758620689655,1.0,0.8178755404879142
0.6855345911949685,0.6061736770691994,0.7241379310344828,0.8542580830499991
0.9439209957748389,Error,0.6296296296296295,0.846795871977022
0.6834763948497855,0.8849557522123894,0.7073170731707318,0.6973170955173842
0.7903761061946903,0.7018469656992085,0.6752136752136753,0.764775998757981
1.0,0.5021872265966754,0.7674418604651162,0.8181532822698413
