Fitness,Precision,Generalization,Simplicity
,,,
1,0.235249042,0.513513514,0.568254632
1,0.606173677,0.762711864,0.819170438
1,0.223541511,0.571428571,0.846077315
1,0.361513158,0.62962963,0.762651534
1,0.260790792,0.575757576,0.825383462
1,0.614890198,0.797101449,0.835160306
