Fitness,Precision,Generalization,Simplicity
,,,
0.983870968,0.258426966,0.555555556,0.730562219
0.983870968,0.258426966,0.555555556,0.730562219
0.569831921,Error,0.753846154,0.81930017
1,0.275480769,0.621621622,0.668374016
1,0.202948446,0.574468085,0.798438668
0.887696509,0.091922006,0.639344262,0.802902526
