Fitness,Precision,Generalization,Simplicity
,,,
0.69005395,0.233502538,0.719626168,0.656635872
0.69005395,0.216589862,0.719626168,0.656635872
0.824200784,Error,0.754385965,0.882292278
0.710655043,0.159372419,0.681818182,0.617491431
0.777908114,0.087357955,0.652892562,0.758625309
0.820835307,0.14732334,0.622641509,0.769415883
