Fitness,Precision,Generalization,Simplicity
,,,
0.990059642,0.259385666,0.58490566,0.594267596
0.990059642,0.259385666,0.58490566,0.594267596
1,Error,0.628571429,0.7978343
0.974947808,0.245025583,0.557522124,0.611583053
0.982026144,0.203232801,0.595628415,0.717201459
Error,Error,0.670498084,Error
