Fitness,Precision,Generalization,Simplicity
,,,
0.750467797,0.948275862,1,0.81787554
0.685534591,0.606173677,0.724137931,0.854258083
0.943920996,Error,0.62962963,0.846795872
0.683476395,0.884955752,0.707317073,0.697317096
0.790376106,0.701846966,0.675213675,0.764775999
1,0.502187227,0.76744186,0.818153282
