Fitness,Precision,Generalization,Simplicity
,,,
0.9124918,0.442696629,0.642105263,0.643708437
0.9124918,0.442696629,0.642105263,0.643813407
1,Error,0.628571429,0.793989573
0.978213508,0.418806959,0.612903226,0.710353675
0.817286652,0.364626796,0.6,0.709264938
0.973913043,0.135266126,0.538461538,0.763154981
