Fitness,Precision,Generalization,Simplicity
,,,
0.92147806,0.353159851,0.684210526,0.65116317
0.685534591,0.606173677,0.704918033,0.80934279
0.997990815,0.204743376,0.571428571,0.847393767
1,0.361513158,0.64,0.748957654
0.95409292,0.366995486,0.593984962,0.7122128
1,0.502187227,0.752808989,0.793342623
