Fitness,Precision,Generalization,Simplicity
,,,
0.807070707,0.421933086,0.628318584,0.621431868
0.807070707,0.421933086,0.628318584,0.621431868
1,Error,0.65625,0.866958969
0.970588235,0.432246998,0.625,0.702381035
0.742341357,0.513399154,0.633507853,0.668892438
0.865217391,0.235842541,0.622857143,0.734980661
