Fitness,Precision,Generalization,Simplicity
,,,
0.854749206,0.508990318,0.705882353,0.744312841
0.854749206,0.508990318,0.705882353,0.74359876
1,Error,0.65625,0.866958969
0.422932693,0.333333333,0.676470588,0.489289702
0.655908096,0.575129534,0.628571429,0.707204352
0.831594203,0.283711615,0.639751553,0.753287782
