Fitness,Precision,Generalization,Simplicity
0.9264367816091954,0.3840304182509505,0.6811594202898551,0.7205443797137498
0.9264367816091954,0.3840304182509505,0.6811594202898551,0.7205443797137498
1.0,Error,0.65625,0.8486249179644125
0.6344345162805826,0.4,0.6585365853658536,0.5899070436757639
0.6314016172506738,0.41326530612244894,0.663716814159292,0.6965628983531578
0.8406503240120675,0.37687861271676304,0.6981132075471698,0.756179964253626
