Fitness,Precision,Generalization,Simplicity
0.807070707070707,0.4219330855018587,0.6283185840707964,0.6214318683044724
0.807070707070707,0.4219330855018587,0.6283185840707964,0.6214318683044724
1.0,Error,0.65625,0.8669589685694231
0.9705882352941176,0.4322469982847341,0.625,0.7023810346004633
0.7423413566739606,0.5133991537376587,0.6335078534031414,0.6688924384848981
0.8652173913043478,0.2358425414364641,0.6228571428571429,0.7349806606728453
