Fitness,Precision,Generalization,Simplicity
0.9900596421471173,0.2593856655290102,0.5849056603773586,0.5942675957269274
0.9900596421471173,0.2593856655290102,0.5849056603773586,0.5942675957269274
1.0,Error,0.6285714285714286,0.797834300378601
0.9749478079331941,0.24502558271745312,0.5575221238938054,0.6115830533375093
0.9820261437908497,0.2032328011038833,0.5956284153005464,0.7172014586765701
Error,Error,0.6704980842911877,Error
